Episode,SPS
0,2945.9429846125317
1,370.5690216502997
