Episode,SPS
0,3340.419330021296
1,125.43169719334472
